<?xml version="1.0" encoding="UTF-8"?>
<!DOCTYPE mapper PUBLIC "-//mybatis.org//DTD Mapper 3.0//EN" "http://mybatis.org/dtd/mybatis-3-mapper.dtd">
<mapper namespace="com.aim.questionnaire.dao.ProjectEntityMapper">
  <resultMap id="BaseResultMap" type="com.aim.questionnaire.dao.entity.ProjectEntity">
    <!--
      WARNING - @mbg.generated
      This element is automatically generated by MyBatis Generator, do not modify.
    -->
    <id column="id" jdbcType="VARCHAR" property="id" />
    <result column="user_id" jdbcType="VARCHAR" property="userId" />
    <result column="project_name" jdbcType="VARCHAR" property="projectName" />
    <result column="created_by" jdbcType="CHAR" property="createdBy" />
    <result column="creation_date" jdbcType="TIMESTAMP" property="creationDate" />
    <result column="last_updated_by" jdbcType="CHAR" property="lastUpdatedBy" />
    <result column="last_update_date" jdbcType="TIMESTAMP" property="lastUpdateDate" />
  </resultMap>
  <resultMap extends="BaseResultMap" id="ResultMapWithBLOBs" type="com.aim.questionnaire.dao.entity.ProjectEntity">
    <!--
      WARNING - @mbg.generated
      This element is automatically generated by MyBatis Generator, do not modify.
    -->
    <result column="project_content" jdbcType="LONGVARCHAR" property="projectContent" />
  </resultMap>
  <sql id="Base_Column_List">
    <!--
      WARNING - @mbg.generated
      This element is automatically generated by MyBatis Generator, do not modify.
    -->
    id, user_id, project_name, project_content, created_by, creation_date, last_updated_by, 
    last_update_date
  </sql>
  <sql id="Blob_Column_List">
    <!--
      WARNING - @mbg.generated
      This element is automatically generated by MyBatis Generator, do not modify.
    -->
    project_content
  </sql>
  <select id="selectByPrimaryKey" parameterType="java.lang.String" resultMap="BaseResultMap">
    <!--
      WARNING - @mbg.generated
      This element is automatically generated by MyBatis Generator, do not modify.
    -->
    select 
    <include refid="Base_Column_List" />
    from project_info
    where id = #{id,jdbcType=VARCHAR}
  </select>
  <delete id="deleteByPrimaryKey" parameterType="java.lang.String">
    <!--
      WARNING - @mbg.generated
      This element is automatically generated by MyBatis Generator, do not modify.
    -->
    delete from project_info
    where id = #{id,jdbcType=VARCHAR}
  </delete>
  <insert id="insert" parameterType="com.aim.questionnaire.dao.entity.ProjectEntity">
    <!--
      WARNING - @mbg.generated
      This element is automatically generated by MyBatis Generator, do not modify.
    -->
    insert into project_info (id, user_id, project_name, 
      project_content, created_by, creation_date, 
      last_updated_by, last_update_date)
    values (#{id,jdbcType=VARCHAR}, #{userId,jdbcType=VARCHAR}, #{projectName,jdbcType=VARCHAR}, 
      #{projectContent,jdbcType=VARCHAR}, #{createdBy,jdbcType=CHAR}, #{creationDate,jdbcType=TIMESTAMP}, 
      #{lastUpdatedBy,jdbcType=CHAR}, #{lastUpdateDate,jdbcType=TIMESTAMP})
  </insert>
  <insert id="insertSelective" parameterType="com.aim.questionnaire.dao.entity.ProjectEntity">
    <!--
      WARNING - @mbg.generated
      This element is automatically generated by MyBatis Generator, do not modify.
    -->
    insert into project_info
    <trim prefix="(" suffix=")" suffixOverrides=",">
      <if test="id != null">
        id,
      </if>
      <if test="userId != null">
        user_id,
      </if>
      <if test="projectName != null">
        project_name,
      </if>
      <if test="projectContent != null">
        project_content,
      </if>
      <if test="createdBy != null">
        created_by,
      </if>
      <if test="creationDate != null">
        creation_date,
      </if>
      <if test="lastUpdatedBy != null">
        last_updated_by,
      </if>
      <if test="lastUpdateDate != null">
        last_update_date,
      </if>
    </trim>
    <trim prefix="values (" suffix=")" suffixOverrides=",">
      <if test="id != null">
        #{id,jdbcType=VARCHAR},
      </if>
      <if test="userId != null">
        #{userId,jdbcType=VARCHAR},
      </if>
      <if test="projectName != null">
        #{projectName,jdbcType=VARCHAR},
      </if>
      <if test="projectContent != null">
        #{projectContent,jdbcType=VARCHAR},
      </if>
      <if test="createdBy != null">
        #{createdBy,jdbcType=CHAR},
      </if>
      <if test="creationDate != null">
        #{creationDate,jdbcType=TIMESTAMP},
      </if>
      <if test="lastUpdatedBy != null">
        #{lastUpdatedBy,jdbcType=CHAR},
      </if>
      <if test="lastUpdateDate != null">
        #{lastUpdateDate,jdbcType=TIMESTAMP},
      </if>
    </trim>
  </insert>
  <update id="updateByPrimaryKeySelective" parameterType="com.aim.questionnaire.dao.entity.ProjectEntity">
    <!--
      WARNING - @mbg.generated
      This element is automatically generated by MyBatis Generator, do not modify.
    -->
    update project_info
    <set>
      <if test="userId != null">
        user_id = #{userId,jdbcType=VARCHAR},
      </if>
      <if test="projectName != null">
        project_name = #{projectName,jdbcType=VARCHAR},
      </if>
      <if test="projectContent != null">
        project_content = #{project_content,jdbcType=VARCHAR},
      </if>
      <if test="createdBy != null">
        created_by = #{createdBy,jdbcType=CHAR},
      </if>
      <if test="creationDate != null">
        creation_date = #{creationDate,jdbcType=TIMESTAMP},
      </if>
      <if test="lastUpdatedBy != null">
        last_updated_by = #{lastUpdatedBy,jdbcType=CHAR},
      </if>
      <if test="lastUpdateDate != null">
        last_update_date = #{lastUpdateDate,jdbcType=TIMESTAMP},
      </if>
    </set>
    where id = #{id,jdbcType=VARCHAR}
  </update>
  <update id="updateByPrimaryKey" parameterType="com.aim.questionnaire.dao.entity.ProjectEntity">
    <!--
      WARNING - @mbg.generated
      This element is automatically generated by MyBatis Generator, do not modify.
    -->
    update project_info
    set user_id = #{userId,jdbcType=VARCHAR},
      project_name = #{projectName,jdbcType=VARCHAR},
      project_content = #{projectContent,jdbcType=VARCHAR},
      created_by = #{createdBy,jdbcType=CHAR},
      creation_date = #{creationDate,jdbcType=TIMESTAMP},
      last_updated_by = #{lastUpdatedBy,jdbcType=CHAR},
      last_update_date = #{lastUpdateDate,jdbcType=TIMESTAMP}
    where id = #{id,jdbcType=VARCHAR}
  </update>

  <!--根据项目id删除项目-->
  <delete id="deleteProjectById" parameterType="java.lang.String">
    DELETE FROM project_info
    WHERE id = #{id,jdbcType=VARCHAR}
  </delete>

  <!--查询项目列表-->
  <select id="queryProjectList" parameterType="com.aim.questionnaire.dao.entity.ProjectEntity" resultType="map">
    SELECT
    id,project_name as projectName,project_content as projectContent,creation_date as createDate
    FROM project_info
    WHERE 1 = 1
    <if test="id!= null">
      AND id = #{id,jdbcType=VARCHAR}
    </if>
    <if test="createdBy != null">
      AND created_by = #{createdBy,jdbcType=CHAR}
    </if>
    <if test="projectName != null">
      AND project_name LIKE '%${projectName}%'
    </if>
    ORDER BY creation_date DESC
  </select>

  <!--查询全部项目的名字接口-->
  <select id="queryAllProjectName" resultType="map">
    SELECT
    id,project_name as projectName
    FROM project_info
  </select>

  <!--根据项目id查询项目名称-->
  <select id="queryProjectNameById" parameterType="java.lang.String" resultType="java.lang.String">
    SELECT project_name
    FROM project_info
    WHERE id = #{id,jdbcType=VARCHAR}
  </select>
</mapper>