<?xml version="1.0" encoding="UTF-8" ?>
<configuration debug="true" scan="true" scanPeriod="10 seconds">
    <appender name="STDOUT" class="ch.qos.logback.core.ConsoleAppender">
        <encoder>
            <pattern>%d{yyyy-MM-dd HH:mm:ss.SSS} [%thread] %-5level %logger{36} -%msg%n</pattern>
            <charset>UTF-8</charset>
        </encoder>

    </appender>
    <!-- 按文件大小区分的滚动日志 -->
    <appender name="INFO-OUT" class="ch.qos.logback.core.rolling.RollingFileAppender">
        <file>../questionnaire_two_log/info.log</file>

        <encoder>
            <pattern>%d{yyyy-MM-dd HH:mm:ss.SSS} [%thread] %-5level %logger{36} -%msg%n</pattern>
            <charset>UTF-8</charset>
        </encoder>

        <filter class="ch.qos.logback.classic.filter.LevelFilter">
            <level>INFO</level>
            <onMatch>ACCEPT</onMatch>
            <onMismatch>DENY</onMismatch>
        </filter>

        <rollingPolicy class="ch.qos.logback.core.rolling.FixedWindowRollingPolicy">
            <fileNamePattern>info.%i.log</fileNamePattern>
            <minIndex>1</minIndex>
            <maxIndex>3</maxIndex>
        </rollingPolicy>

        <triggeringPolicy class="ch.qos.logback.core.rolling.SizeBasedTriggeringPolicy">
            <maxFileSize>10MB</maxFileSize>
        </triggeringPolicy>

    </appender>

    <appender name="ERROR-OUT" class="ch.qos.logback.core.rolling.RollingFileAppender">
        <file>../questionnaire_two_log/error.log</file>
        <encoder>
            <pattern>%d{yyyy-MM-dd HH:mm:ss.SSS} [%thread] %-5level %logger{36} -%msg%n</pattern>
            <charset>UTF-8</charset>
        </encoder>
        <filter class="ch.qos.logback.classic.filter.LevelFilter">
            <level>ERROR</level>
            <onMatch>ACCEPT</onMatch>
            <onMismatch>DENY</onMismatch>
        </filter>

        <rollingPolicy class="ch.qos.logback.core.rolling.TimeBasedRollingPolicy">
            <!-- daily rollover -->
            <fileNamePattern>../questionnaire_two_log/error.%d{yyyy-MM-dd}.log.zip</fileNamePattern>

            <!-- keep 30 days' worth of history -->
            <maxHistory>30</maxHistory>
        </rollingPolicy>
    </appender>

    <!-- 按日期和大小区分的滚动日志 -->
    <appender name="DEBUG-OUT" class="ch.qos.logback.core.rolling.RollingFileAppender">
        <file>../questionnaire_two_log/debug.log</file>

        <encoder>
            <pattern>%d{yyyy-MM-dd HH:mm:ss.SSS} [%thread] %-5level %logger{36} -%msg%n</pattern>
            <charset>UTF-8</charset>
        </encoder>

        <filter class="ch.qos.logback.classic.filter.LevelFilter">
            <level>DEBUG</level>
            <onMatch>ACCEPT</onMatch>
            <onMismatch>DENY</onMismatch>
        </filter>

        <rollingPolicy class="ch.qos.logback.core.rolling.TimeBasedRollingPolicy">
            <!-- rollover daily -->
            <fileNamePattern>debug-%d{yyyy-MM-dd}.%i.log</fileNamePattern>

            <timeBasedFileNamingAndTriggeringPolicy
                    class="ch.qos.logback.core.rolling.SizeAndTimeBasedFNATP">
                <!-- or whenever the file size reaches 100MB -->
                <maxFileSize>100MB</maxFileSize>
            </timeBasedFileNamingAndTriggeringPolicy>

        </rollingPolicy>

    </appender>


    <appender name="INFO-PHONE" class="ch.qos.logback.core.rolling.RollingFileAppender">
        <file>../phone_log/info.log</file>

        <encoder>
            <pattern>%d{yyyy-MM-dd HH:mm:ss.SSS} [%thread] %-5level %logger{36} -%msg%n</pattern>
            <charset>UTF-8</charset>
        </encoder>

        <filter class="ch.qos.logback.classic.filter.LevelFilter">
            <level>INFO</level>
            <onMatch>ACCEPT</onMatch>
            <onMismatch>DENY</onMismatch>
        </filter>

        <rollingPolicy class="ch.qos.logback.core.rolling.FixedWindowRollingPolicy">
            <fileNamePattern>info.%i.log</fileNamePattern>
            <minIndex>1</minIndex>
            <maxIndex>3</maxIndex>
        </rollingPolicy>

        <triggeringPolicy class="ch.qos.logback.core.rolling.SizeBasedTriggeringPolicy">
            <maxFileSize>10MB</maxFileSize>
        </triggeringPolicy>

    </appender>


    <appender name="INFO-SQL" class="ch.qos.logback.core.rolling.RollingFileAppender">
        <file>../SQL_log/info.log</file>

        <encoder>
            <pattern>%d{yyyy-MM-dd HH:mm:ss.SSS} [%thread] %-5level %logger{36} -%msg%n</pattern>
            <charset>UTF-8</charset>
        </encoder>

        <filter class="ch.qos.logback.classic.filter.LevelFilter">
            <level>INFO</level>
            <onMatch>ACCEPT</onMatch>
            <onMismatch>DENY</onMismatch>
        </filter>

        <rollingPolicy class="ch.qos.logback.core.rolling.FixedWindowRollingPolicy">
            <fileNamePattern>info.%i.log</fileNamePattern>
            <minIndex>1</minIndex>
            <maxIndex>3</maxIndex>
        </rollingPolicy>

        <triggeringPolicy class="ch.qos.logback.core.rolling.SizeBasedTriggeringPolicy">
            <maxFileSize>10MB</maxFileSize>
        </triggeringPolicy>

    </appender>

    <appender name="INFO-answerCount" class="ch.qos.logback.core.rolling.RollingFileAppender">
        <file>../answerCount_log/info.log</file>

        <encoder>
            <pattern>%d{yyyy-MM-dd HH:mm:ss.SSS} [%thread] %-5level %logger{36} -%msg%n</pattern>
            <charset>UTF-8</charset>
        </encoder>

        <filter class="ch.qos.logback.classic.filter.LevelFilter">
            <level>INFO</level>
            <onMatch>ACCEPT</onMatch>
            <onMismatch>DENY</onMismatch>
        </filter>

        <rollingPolicy class="ch.qos.logback.core.rolling.FixedWindowRollingPolicy">
            <fileNamePattern>info.%i.log</fileNamePattern>
            <minIndex>1</minIndex>
            <maxIndex>3</maxIndex>
        </rollingPolicy>

        <triggeringPolicy class="ch.qos.logback.core.rolling.SizeBasedTriggeringPolicy">
            <maxFileSize>10MB</maxFileSize>
        </triggeringPolicy>

    </appender>


    <appender name="INFO-PHONE-SEND" class="ch.qos.logback.core.rolling.RollingFileAppender">
        <file>../phone_send_log/info.log</file>
        <encoder>
            <pattern>%d{yyyy-MM-dd HH:mm:ss.SSS} [%thread] %-5level %logger{36} -%msg%n</pattern>
            <charset>UTF-8</charset>
        </encoder>

        <filter class="ch.qos.logback.classic.filter.LevelFilter">
            <level>INFO</level>
            <onMatch>ACCEPT</onMatch>
            <onMismatch>DENY</onMismatch>
        </filter>

        <rollingPolicy class="ch.qos.logback.core.rolling.FixedWindowRollingPolicy">
            <fileNamePattern>info.%i.log</fileNamePattern>
            <minIndex>1</minIndex>
            <maxIndex>3</maxIndex>
        </rollingPolicy>

        <triggeringPolicy class="ch.qos.logback.core.rolling.SizeBasedTriggeringPolicy">
            <maxFileSize>10MB</maxFileSize>
        </triggeringPolicy>

    </appender>


    <logger name="com.aim.questionnaire.common.utils" level="info" additivity="false">
        <appender-ref ref="INFO-PHONE"/>
    </logger>

    <logger name="com.aim.questionnaire.config" level="info" additivity="false">
        <appender-ref ref="INFO-SQL"/>
    </logger>

    <logger name="com.aim.questionnaire.answerCount" level="info" additivity="false">
        <appender-ref ref="INFO-answerCount"/>
    </logger>

    <logger name="com.aim.questionnaire.service" level="info" additivity="false">
        <appender-ref ref="INFO-PHONE-SEND"/>
    </logger>

    <!-- 输出sql语句  -->
    <logger name="com.aim.questionnaire.dao" level="debug">
        <appender-ref ref="DEBUG-OUT" />
    </logger>

    <root level="debug">
        <appender-ref ref="STDOUT" />
        <appender-ref ref="DEBUG-OUT" />
    </root>
    <root level="info">
        <appender-ref ref="STDOUT" />
        <appender-ref ref="INFO-OUT" />
    </root>
    <root level="info">
        <appender-ref ref="STDOUT" />
        <appender-ref ref="ERROR-OUT" />
    </root>


</configuration>